default,depend_word,nod_word,thank_word,questionmark,lenS,UI3average
0.0,1.0,0.0,0.0,1.0,24.231292517006803,5.1727891156462595
0.8746518105849582,0.0,1.0,0.0,0.0,12.551532033426184,4.166016713091922
0.07727272727272727,0.0,0.0,0.0,1.0,27.977272727272727,4.863181818181818
1.0,0.06896551724137931,0.0,0.0,0.0,9.333333333333334,4.108045977011495
0.8058252427184466,0.0,0.009708737864077669,1.0,0.0,15.74757281553398,4.079611650485437
0.5483870967741935,1.0,1.0,0.0,0.0,20.596774193548388,4.52258064516129
1.0,1.0,0.0,0.0,1.0,18.227848101265824,5.217721518987342
0.0,0.08163265306122448,0.0,0.0,0.0,51.36734693877551,4.828571428571428
